employee_id,branch_id,first_name,last_name,email,phone,position,department,hire_date,salary,status
1,3,Cody,Ayala,kimkevin@example.com,001-220-553-5951x88317,ADVISOR,COMPLIANCE,2017-07-31,66165.77,INACTIVE
2,10,Joseph,Day,dmanning@example.com,904-737-4604,TELLER,OPERATIONS,2021-10-24,105493.07,ACTIVE
3,18,Phillip,Jones,ghall@example.net,953.626.9560,ADVISOR,RETAIL,2020-08-13,92767.23,INACTIVE
4,1,Karen,Bowers,heatherho@example.org,(417)745-0901x121,ANALYST,OPERATIONS,2020-06-21,107099.77,SUSPENDED
5,31,Timothy,Rios,mcdowellallison@example.com,659-800-5444,MANAGER,OPERATIONS,2016-07-26,42495.26,ACTIVE
6,7,Matthew,Barnett,jmitchell@example.net,+1-330-411-8750x39052,ANALYST,OPERATIONS,2021-04-15,54298.29,INACTIVE
7,1,Joshua,Simpson,millsaustin@example.com,001-215-440-3221,TELLER,IT,2024-03-26,72857.43,ACTIVE
8,41,Charles,Palmer,tylervega@example.org,001-446-886-5859x26163,ADVISOR,RETAIL,2023-05-28,37818.15,ACTIVE
9,20,Sarah,Guerrero,anthony21@example.net,650.353.8613x029,TELLER,RISK,2025-02-10,98930.96,ACTIVE
10,24,Linda,Hunt,dmacdonald@example.net,001-511-261-7770x23397,ANALYST,COMPLIANCE,2015-11-22,44989.38,SUSPENDED
11,44,Brandi,Mcclure,morgan37@example.org,(496)452-1193,SUPERVISOR,OPERATIONS,2016-11-19,47056.34,ACTIVE
12,11,Christian,Camacho,vpotter@example.net,536.426.8016,ADVISOR,IT,2017-06-05,88228.62,INACTIVE
13,29,Alicia,Delacruz,deannawilson@example.net,(901)254-9336x820,ADVISOR,RETAIL,2021-03-13,92888.34,SUSPENDED
14,28,Kristin,Gray,crystalwest@example.net,297.659.8386x4294,SUPERVISOR,IT,2021-02-07,76300.09,ACTIVE
15,48,Paul,Mitchell,xwallace@example.net,330.526.5803x51900,TELLER,IT,2022-07-17,70115.17,SUSPENDED
16,21,James,Smith,ricardocannon@example.com,6423771249,TELLER,IT,2016-04-08,82466.7,SUSPENDED
17,46,Taylor,Obrien,rayalexis@example.org,+1-640-764-2706x91451,SUPERVISOR,RETAIL,2018-12-01,73589.17,ACTIVE
18,33,Kevin,Miller,lharris@example.com,921.265.2171x367,ADVISOR,OPERATIONS,2022-06-26,90226.88,INACTIVE
19,24,John,Thompson,samantha67@example.net,+1-720-336-9854x117,SUPERVISOR,COMPLIANCE,2021-09-07,47171.99,INACTIVE
20,32,Amy,Allen,millertara@example.org,293-319-4401x77714,SUPERVISOR,RETAIL,2017-09-28,46448.57,INACTIVE
21,23,Gary,Jones,justin74@example.org,203.658.8521,MANAGER,OPERATIONS,2017-10-05,36077.64,ACTIVE
22,20,Matthew,Campos,marisasloan@example.net,(494)333-8272x800,ANALYST,IT,2025-10-15,71478.57,SUSPENDED
23,23,Amanda,White,nelsonjodi@example.net,200.357.4710x0477,TELLER,RISK,2023-02-26,60544.27,SUSPENDED
24,23,Latasha,Lopez,tpena@example.org,+1-779-327-5953x17490,ANALYST,COMPLIANCE,2022-03-15,64018.58,ACTIVE
25,27,Megan,Myers,jacquelinemayer@example.com,249-537-7199,TELLER,RETAIL,2022-02-21,113854.24,INACTIVE
26,37,Heather,Brown,kristie95@example.net,(516)837-6562x36780,ADVISOR,OPERATIONS,2019-10-10,111522.83,ACTIVE
27,28,Danny,Porter,kleblanc@example.com,808.882.4191x48112,ADVISOR,OPERATIONS,2021-10-13,109794.77,INACTIVE
28,45,Nicole,Benjamin,jessicayu@example.net,001-410-811-4385x336,MANAGER,RISK,2020-06-08,87601.3,SUSPENDED
29,35,William,Ramos,schwartzmaria@example.com,2812794188,TELLER,OPERATIONS,2019-04-04,96896.13,ACTIVE
30,4,Jonathan,Jones,madisonzhang@example.org,+1-389-280-0895x0994,ADVISOR,RETAIL,2025-05-01,40563.78,ACTIVE
31,2,Jesse,Walters,yperez@example.com,626.600.1272x463,SUPERVISOR,OPERATIONS,2021-10-02,32388.25,SUSPENDED
32,5,Mark,Morgan,thompsonjennifer@example.org,001-985-240-8182x6423,SUPERVISOR,COMPLIANCE,2022-08-13,50767.94,SUSPENDED
33,4,Sandra,Peterson,leemaria@example.net,+1-614-680-5021x7359,TELLER,IT,2021-06-12,104093.64,SUSPENDED
34,3,Parker,Cooper,josephrowe@example.net,(305)760-1785x14118,TELLER,IT,2017-02-02,81162.26,ACTIVE
35,17,Laura,Fowler,gibsonmichael@example.com,001-808-795-0441x68844,SUPERVISOR,OPERATIONS,2022-02-28,80221.88,ACTIVE
36,38,Ricardo,Dorsey,michael54@example.org,001-669-725-4870x301,SUPERVISOR,COMPLIANCE,2023-08-08,36946.26,ACTIVE
37,10,William,Stone,barrettann@example.com,+1-571-985-7214,ANALYST,COMPLIANCE,2017-05-21,83320.94,INACTIVE
38,46,Anthony,Zimmerman,tommy94@example.org,910-240-6315,ANALYST,OPERATIONS,2023-11-24,68272.44,ACTIVE
39,32,Kimberly,Ferguson,jonesbonnie@example.org,772.255.1312x05142,MANAGER,IT,2019-12-07,44750.75,SUSPENDED
40,38,Bianca,Lyons,cscott@example.com,001-867-801-7560x77686,MANAGER,IT,2016-04-10,85405.14,ACTIVE
41,45,David,Shaw,daniellebender@example.net,941.319.7893x640,TELLER,RISK,2016-10-29,46401.88,SUSPENDED
42,19,Michael,Walker,apriltorres@example.net,497-848-5062x736,ANALYST,RISK,2018-05-25,90941.59,ACTIVE
43,18,Kayla,Hale,nelsonalexander@example.net,(232)906-8733x287,ADVISOR,COMPLIANCE,2020-08-25,52736.72,SUSPENDED
44,21,Bradley,Powell,bgraham@example.net,001-857-785-4447x690,TELLER,COMPLIANCE,2025-01-06,51935.26,ACTIVE
45,34,Rachel,Phillips,coreychristensen@example.com,001-483-972-5119x12230,MANAGER,COMPLIANCE,2019-02-20,102785.63,INACTIVE
46,11,Alexandra,Gray,judithaguilar@example.org,544.813.5887x9707,SUPERVISOR,IT,2020-05-06,50252.94,SUSPENDED
47,47,Kyle,Beck,usmith@example.org,887-241-3490x54435,MANAGER,IT,2017-08-07,106083.06,INACTIVE
48,39,Jamie,Yoder,jturner@example.net,802.425.7550x24781,TELLER,RETAIL,2025-09-24,90168.48,SUSPENDED
49,11,Brian,Weaver,bduke@example.com,(296)238-6470,ANALYST,RETAIL,2023-04-27,48009.48,SUSPENDED
50,38,Kathleen,Melendez,kelleraaron@example.org,8153731624,TELLER,RISK,2022-03-20,94324.04,INACTIVE
51,17,Samantha,Mccoy,laurenwolf@example.com,600.982.9374,ANALYST,IT,2018-10-13,59247.67,ACTIVE
52,36,Pedro,Galloway,kyle85@example.net,577-245-1498x5156,TELLER,COMPLIANCE,2023-03-11,34212.48,ACTIVE
53,6,Amy,Adkins,kevinray@example.org,+1-572-592-5810,MANAGER,COMPLIANCE,2025-04-02,69948.68,SUSPENDED
54,8,Benjamin,Shaffer,squinn@example.com,(885)718-8131x8902,MANAGER,RETAIL,2020-09-01,31329.17,INACTIVE
55,2,Sarah,Robinson,scott20@example.org,923-255-7274,ANALYST,OPERATIONS,2021-03-05,42249.72,SUSPENDED
56,1,Melinda,Green,michael28@example.net,(854)850-1410,ANALYST,COMPLIANCE,2020-03-21,110354.78,SUSPENDED
57,30,David,Dominguez,millereduardo@example.org,001-953-763-4336x209,MANAGER,IT,2017-04-18,64264.48,INACTIVE
58,46,Garrett,Gomez,garzacheryl@example.com,821.537.9515,MANAGER,IT,2019-04-28,116634.8,SUSPENDED
59,46,Ashley,Richmond,stewartjeffery@example.com,2613805416,SUPERVISOR,OPERATIONS,2017-08-15,95032.16,SUSPENDED
60,13,Gregory,Luna,ballen@example.com,(655)786-8764,MANAGER,RISK,2017-07-04,97618.88,SUSPENDED
61,30,Tracy,Mcdaniel,diamondbaker@example.com,(235)793-6089x690,MANAGER,OPERATIONS,2024-06-27,37702.5,SUSPENDED
62,3,Robert,Hubbard,yarnold@example.net,(280)352-7479x349,SUPERVISOR,COMPLIANCE,2020-10-08,92077.77,ACTIVE
63,6,Ruth,Smith,guerrarachel@example.com,791.680.6474,SUPERVISOR,COMPLIANCE,2023-06-10,38548.2,ACTIVE
64,7,Gabriel,Contreras,stephanie01@example.org,409-774-4342x920,ANALYST,OPERATIONS,2023-07-06,77163.24,INACTIVE
65,48,Cristina,Moreno,danaharris@example.com,(368)664-6383x97751,SUPERVISOR,IT,2017-12-13,87226.77,INACTIVE
66,39,Sarah,Turner,nicoledouglas@example.com,+1-613-757-5291,SUPERVISOR,COMPLIANCE,2018-07-29,62457.56,ACTIVE
67,27,Olivia,Jackson,williamsonbryan@example.net,001-670-596-6726x332,MANAGER,COMPLIANCE,2019-08-26,79536.66,ACTIVE
68,15,Ann,Smith,dwalker@example.com,219-477-3564,ANALYST,RISK,2024-07-29,40845.14,SUSPENDED
69,27,Sherry,Welch,schwartzlarry@example.com,+1-826-789-7275,SUPERVISOR,RETAIL,2024-03-08,114963.52,INACTIVE
70,37,Robert,Maldonado,alexandra90@example.com,228-266-3153x814,SUPERVISOR,OPERATIONS,2020-04-04,46949.73,ACTIVE
71,1,Nancy,Ball,zacharyhenderson@example.net,627-376-5666,ADVISOR,RISK,2016-09-01,98221.43,SUSPENDED
72,46,Karen,Estes,newtontina@example.net,(586)595-7701,ADVISOR,RETAIL,2017-03-26,108292.24,INACTIVE
73,12,Charles,Francis,kcole@example.org,(776)799-5390,TELLER,RETAIL,2023-09-08,38373.79,ACTIVE
74,29,Oscar,Wilcox,marcusbrown@example.net,242-354-5923x728,ANALYST,RETAIL,2019-01-18,36827.94,ACTIVE
75,42,Brenda,Riley,lynchjessica@example.net,784.632.1456x153,ANALYST,RISK,2017-05-01,37289.72,ACTIVE
76,28,Theresa,Clark,nancy10@example.com,812.863.1998x574,ANALYST,RISK,2024-06-08,61892.07,ACTIVE
77,41,Courtney,Davis,ttucker@example.org,2164360378,ADVISOR,OPERATIONS,2025-01-06,90427.19,INACTIVE
78,38,Paul,Rios,fosterstephanie@example.net,(688)330-8840x444,ADVISOR,IT,2021-07-01,114912.64,SUSPENDED
79,49,Aaron,Peterson,watsongrace@example.com,465-786-2539x1505,MANAGER,RISK,2016-08-12,60671.99,INACTIVE
80,13,April,Lee,ryanstanley@example.net,316.604.9077,ADVISOR,IT,2020-03-08,83967.89,SUSPENDED
81,48,Elizabeth,Figueroa,debra05@example.com,980-327-7304x8834,MANAGER,COMPLIANCE,2024-01-30,58516.92,ACTIVE
82,24,Mike,Haynes,antoniomccarthy@example.org,514.616.2007x56343,TELLER,RETAIL,2025-01-21,97555.68,ACTIVE
83,37,Martin,Thompson,ilopez@example.org,9303726746,TELLER,OPERATIONS,2022-02-24,85247.78,INACTIVE
84,5,Randy,Smith,amy93@example.org,686-750-4600x014,MANAGER,IT,2018-11-07,32007.02,INACTIVE
85,28,Elizabeth,Martin,alex78@example.net,+1-632-428-7504,SUPERVISOR,OPERATIONS,2023-02-06,58145.56,SUSPENDED
86,9,Aaron,Sanchez,jonathancruz@example.com,+1-913-589-3736,ADVISOR,IT,2017-03-11,105049.1,INACTIVE
87,39,Carly,Torres,jburke@example.net,6862420039,TELLER,IT,2024-03-06,113798.59,INACTIVE
88,28,Elizabeth,Lowe,ryangray@example.com,+1-446-331-1349x451,SUPERVISOR,RETAIL,2019-06-28,97943.16,INACTIVE
89,7,Jose,Henson,hannah53@example.org,432.363.5662,TELLER,RISK,2018-08-01,50606.95,ACTIVE
90,46,Amanda,Baldwin,tstone@example.org,(352)257-4221,TELLER,RISK,2021-12-03,44956.81,ACTIVE
91,38,Kathy,Torres,simslisa@example.net,844.676.8526,TELLER,COMPLIANCE,2020-04-01,113904.0,INACTIVE
92,3,Elijah,Rollins,gcarroll@example.com,(416)467-0344,ANALYST,RETAIL,2020-02-07,50879.14,SUSPENDED
93,7,Richard,Lee,rothtrevor@example.com,340-884-9805,MANAGER,COMPLIANCE,2016-11-18,43300.54,INACTIVE
94,15,John,Miller,wrightteresa@example.org,(809)734-7269,SUPERVISOR,RETAIL,2024-02-21,62902.67,INACTIVE
95,39,Joseph,Juarez,jsmith@example.org,954-917-1487,SUPERVISOR,RISK,2024-02-03,74326.94,ACTIVE
96,19,Madison,Whitehead,strongwilliam@example.org,925.486.8670,ADVISOR,RETAIL,2016-05-10,109988.78,SUSPENDED
97,44,Kelli,Anderson,markshelton@example.net,2757776577,SUPERVISOR,IT,2025-01-05,79554.2,INACTIVE
98,44,Jennifer,Burgess,ashley27@example.net,699-871-8431,SUPERVISOR,OPERATIONS,2017-02-12,60737.24,INACTIVE
99,18,Christopher,Ross,christina91@example.com,8179430350,SUPERVISOR,RISK,2020-02-15,110849.96,INACTIVE
100,9,Richard,Jarvis,jeremykelly@example.net,+1-725-637-2327x686,SUPERVISOR,OPERATIONS,2016-03-04,83796.01,INACTIVE
101,44,Michelle,Smith,rachelvasquez@example.org,+1-417-865-4199x9454,TELLER,RISK,2016-01-19,69628.9,SUSPENDED
102,35,Michael,Mckenzie,evansalexis@example.com,001-528-823-6260x84672,TELLER,IT,2025-07-27,46665.74,SUSPENDED
103,44,Cynthia,Carr,bob37@example.net,667.620.4418x44786,ANALYST,COMPLIANCE,2021-12-19,38449.46,SUSPENDED
104,47,Bradley,Harrell,susanfaulkner@example.com,206.302.3281x3179,SUPERVISOR,OPERATIONS,2021-10-13,50746.65,INACTIVE
105,42,Jessica,Lee,daniellemassey@example.net,+1-675-729-9085x974,TELLER,RETAIL,2015-11-07,65222.08,ACTIVE
106,13,Dorothy,Rose,sharon46@example.org,396-914-8922,ADVISOR,COMPLIANCE,2021-05-19,59239.42,INACTIVE
107,45,John,Thompson,ajohnson@example.com,001-563-507-0991x8560,SUPERVISOR,RETAIL,2025-02-06,72658.48,ACTIVE
108,15,Danny,Tucker,campbellrachel@example.org,(844)477-2261x7756,MANAGER,COMPLIANCE,2021-12-05,36178.54,ACTIVE
109,8,John,Williams,jamesgeorge@example.net,715-466-0766x3525,TELLER,RISK,2023-08-31,76597.63,INACTIVE
110,41,Jodi,Mitchell,camposmichael@example.com,001-477-991-5242x265,ADVISOR,COMPLIANCE,2021-05-25,71272.99,SUSPENDED
111,24,Sarah,Kelly,thouston@example.net,(976)518-2424,MANAGER,OPERATIONS,2017-10-09,98714.47,SUSPENDED
112,13,John,Murray,samantha43@example.net,001-962-466-7705x94145,ANALYST,COMPLIANCE,2025-10-13,50538.87,INACTIVE
113,23,Andrew,Burns,rebecca98@example.net,467.252.5925,TELLER,OPERATIONS,2024-10-19,82642.51,SUSPENDED
114,10,Kimberly,Brown,timothyhernandez@example.org,882.578.8157x7241,TELLER,IT,2017-07-11,114592.75,INACTIVE
115,18,Erik,Perez,kayla33@example.org,205.222.3129x0170,TELLER,OPERATIONS,2023-01-01,32278.67,ACTIVE
116,3,Cory,Hughes,pattersonalejandro@example.com,578-492-2658,SUPERVISOR,OPERATIONS,2016-04-16,108504.4,INACTIVE
117,30,Sara,Sanchez,jlawson@example.com,+1-884-463-2966x87941,TELLER,OPERATIONS,2018-02-02,118593.22,ACTIVE
118,34,Jacob,Whitaker,ricecolleen@example.org,001-674-968-6966,TELLER,IT,2025-09-26,74247.2,ACTIVE
119,42,Stephanie,Yang,tammy50@example.net,708.758.6665x9159,ADVISOR,COMPLIANCE,2025-06-02,108015.08,INACTIVE
120,39,Jody,Johnson,kylebullock@example.com,652.983.1236x009,SUPERVISOR,RETAIL,2020-10-16,86892.81,ACTIVE
121,31,Jeffrey,Coleman,kathleen50@example.com,536.993.5662x2357,ANALYST,RETAIL,2025-07-14,73627.38,INACTIVE
122,44,Brady,Cox,edgarwilliamson@example.com,001-968-431-6077x49581,ADVISOR,OPERATIONS,2018-04-18,105568.82,SUSPENDED
123,36,Mitchell,Smith,heather22@example.com,212-610-4888x062,TELLER,IT,2016-07-28,117352.86,INACTIVE
124,5,Elizabeth,Barr,dwaynemccullough@example.org,+1-341-273-2009x13711,ANALYST,OPERATIONS,2023-07-04,70642.52,SUSPENDED
125,24,Heather,Petersen,blloyd@example.net,001-566-328-7587x216,TELLER,RETAIL,2017-04-16,61111.86,INACTIVE
126,37,Richard,Morgan,williamwilkins@example.org,+1-864-314-2497x647,SUPERVISOR,OPERATIONS,2025-03-16,90699.12,SUSPENDED
127,22,Crystal,Meyer,annafields@example.net,(544)262-3163,ADVISOR,IT,2020-03-01,64214.33,ACTIVE
128,1,Joseph,Hernandez,nfox@example.org,+1-455-892-3768,ADVISOR,COMPLIANCE,2024-09-28,79957.18,ACTIVE
129,36,Jack,Baxter,reedaaron@example.com,001-297-978-3263x03389,ANALYST,RISK,2025-05-21,91326.69,INACTIVE
130,39,Brian,Sheppard,martineztimothy@example.org,001-739-539-1902x71819,TELLER,RISK,2019-09-29,35229.03,INACTIVE
131,28,David,Harris,kimdavid@example.org,255.972.2948,ADVISOR,IT,2016-12-26,64450.13,SUSPENDED
132,42,Shirley,Martinez,lyoung@example.net,687.997.7880,ANALYST,COMPLIANCE,2022-01-24,101909.86,ACTIVE
133,48,Jesse,Ross,melissamueller@example.com,2075206015,MANAGER,RISK,2022-10-05,53704.47,SUSPENDED
134,50,Kristy,Patterson,turnerjeffrey@example.com,(811)954-4765x0141,SUPERVISOR,RISK,2019-09-20,56133.75,INACTIVE
135,19,Ebony,Hernandez,meghan90@example.com,(864)613-1082x7947,SUPERVISOR,OPERATIONS,2025-04-06,86305.17,SUSPENDED
136,49,Tara,Wood,margaret74@example.com,001-943-958-8470x5115,ADVISOR,COMPLIANCE,2016-05-07,47987.83,INACTIVE
137,40,Larry,Davis,wrodriguez@example.org,734-759-8290x622,TELLER,IT,2025-09-10,111987.16,ACTIVE
138,24,Nicole,Mcdonald,williamsdale@example.net,3334432015,ANALYST,RISK,2021-03-15,101397.38,ACTIVE
139,45,Cheryl,Orr,rogernewman@example.com,(940)676-7784x0516,SUPERVISOR,COMPLIANCE,2018-01-21,78079.61,SUSPENDED
140,3,Ian,Vaughn,andersondalton@example.org,468-513-3677,ADVISOR,IT,2019-11-29,66787.08,SUSPENDED
141,40,Rebecca,Taylor,maureenrichards@example.net,(891)216-2403x0953,ADVISOR,COMPLIANCE,2020-10-16,105370.28,SUSPENDED
142,46,Timothy,Pitts,johnsonleah@example.com,727.939.6644x39424,SUPERVISOR,COMPLIANCE,2021-11-12,61658.9,ACTIVE
143,11,Brandon,Perez,ttucker@example.com,001-823-744-6900x995,SUPERVISOR,RETAIL,2018-12-18,60464.61,ACTIVE
144,48,Elizabeth,Flores,ulambert@example.net,001-885-621-6983x721,ANALYST,COMPLIANCE,2020-11-18,68461.25,SUSPENDED
145,10,Victoria,Sanders,jacksonpatrick@example.com,705.832.1111,ADVISOR,RISK,2016-12-16,59703.69,SUSPENDED
146,46,Rebecca,Stanley,bairdkristin@example.com,(482)858-4368,SUPERVISOR,IT,2025-08-23,40474.64,INACTIVE
147,31,Christopher,Koch,chrisfleming@example.org,+1-311-352-1099,ANALYST,RETAIL,2023-11-23,87526.02,SUSPENDED
148,26,Madeline,Garcia,lambertamanda@example.com,454-674-8069,TELLER,IT,2018-07-21,95290.59,INACTIVE
149,34,Mark,Atkinson,daniel03@example.org,990.287.7039,ANALYST,RISK,2019-05-01,33262.66,INACTIVE
150,49,William,Miller,william28@example.net,734-767-2815,ADVISOR,RISK,2020-11-04,45426.44,INACTIVE
151,45,Sara,Erickson,jacobyoung@example.com,001-395-724-2797x12073,MANAGER,RETAIL,2019-10-22,76277.37,SUSPENDED
152,7,Richard,Waters,brian81@example.net,296.245.9750x8083,TELLER,RETAIL,2017-06-06,57764.56,ACTIVE
153,33,Jacqueline,Taylor,ibenson@example.net,+1-793-291-4950x8989,ADVISOR,RETAIL,2025-03-26,92180.18,ACTIVE
154,4,Brandon,Miller,millsjames@example.com,508-807-9882,MANAGER,RISK,2022-01-15,40483.21,ACTIVE
155,41,Matthew,Lee,xgomez@example.net,527-439-7504,TELLER,RISK,2025-09-18,70590.16,INACTIVE
156,23,Yvonne,Briggs,zhood@example.org,841-250-5095x718,SUPERVISOR,RISK,2020-05-10,55231.98,SUSPENDED
157,33,Janet,Abbott,kgrimes@example.net,247-549-8600,MANAGER,RETAIL,2023-12-30,69268.11,INACTIVE
158,8,Manuel,Davies,petersonchristopher@example.net,554.391.8967x9916,ADVISOR,COMPLIANCE,2020-11-26,46668.55,ACTIVE
159,35,Ashley,Diaz,anthony57@example.com,+1-237-317-7789x153,SUPERVISOR,IT,2016-02-10,30955.65,SUSPENDED
160,45,Deanna,Green,kevin70@example.org,+1-508-953-5881x62963,TELLER,RETAIL,2016-02-20,78793.03,ACTIVE
161,12,Eric,Henderson,kathrynmartin@example.org,+1-627-965-4829x7064,SUPERVISOR,RISK,2024-12-16,76799.25,ACTIVE
162,11,Charlotte,Powell,drobertson@example.org,+1-287-964-9664,SUPERVISOR,RETAIL,2021-07-23,71980.63,SUSPENDED
163,20,Ashley,Hendricks,crosbyryan@example.net,001-667-566-9856x236,ADVISOR,RETAIL,2025-07-26,57698.97,ACTIVE
164,41,Rachel,Chen,sosakimberly@example.net,(943)376-3449,ADVISOR,IT,2020-01-24,56204.3,SUSPENDED
165,24,Eric,Morales,bryanrachel@example.net,722.470.3378x613,ANALYST,RISK,2022-04-04,55986.46,SUSPENDED
166,5,Emily,Mendez,joecollins@example.net,(313)967-9176x1943,ANALYST,IT,2018-11-22,70180.38,SUSPENDED
167,14,Timothy,Odom,frenchnathan@example.org,416.767.4873x974,MANAGER,IT,2022-01-07,70867.97,ACTIVE
168,26,Kevin,Wilson,coopermary@example.org,758.433.1670x525,ANALYST,IT,2020-02-01,81270.4,SUSPENDED
169,38,Frederick,White,xsmith@example.com,466.503.6254,SUPERVISOR,OPERATIONS,2024-02-16,69081.74,ACTIVE
170,38,Lindsey,Mueller,kathryn30@example.net,867.436.3313x76792,ANALYST,COMPLIANCE,2021-04-26,52150.31,INACTIVE
171,17,Jeffery,Murray,ayoung@example.net,9763474244,MANAGER,OPERATIONS,2023-04-28,44741.72,SUSPENDED
172,2,Paul,Crawford,uscott@example.org,767.836.7840,ANALYST,OPERATIONS,2024-08-28,116801.81,SUSPENDED
173,25,Shirley,Harris,wellsmichael@example.net,3138100885,ADVISOR,RISK,2022-01-06,43358.24,SUSPENDED
174,41,Michael,May,chadmiranda@example.net,(945)696-9893x28224,ANALYST,RETAIL,2016-10-02,116015.07,INACTIVE
175,1,Joseph,Powell,nicholasstewart@example.org,367.866.8354,MANAGER,OPERATIONS,2017-04-27,86097.77,INACTIVE
176,2,Eric,Diaz,jhall@example.com,6255573657,ADVISOR,OPERATIONS,2016-04-25,77651.96,SUSPENDED
177,21,Tiffany,Barron,karicarter@example.com,(334)424-2033,TELLER,RISK,2021-07-31,114977.27,INACTIVE
178,19,Aaron,Valentine,kathleendavis@example.org,529-741-7820x0659,MANAGER,IT,2025-02-23,103719.86,SUSPENDED
179,6,David,Simpson,jamesrichards@example.org,+1-960-527-7389x79551,MANAGER,RISK,2021-08-19,40003.11,INACTIVE
180,11,William,Snyder,colefelicia@example.com,8053462621,MANAGER,IT,2018-05-22,106427.16,SUSPENDED
181,36,Kaylee,Cohen,joshua59@example.com,9055879964,ANALYST,RISK,2025-01-09,30423.19,INACTIVE
182,20,Michael,Wilson,josegraham@example.net,001-402-227-4959x148,ANALYST,IT,2017-06-05,92526.42,SUSPENDED
183,14,Matthew,Archer,lisamendoza@example.org,489-641-0233x208,ADVISOR,COMPLIANCE,2023-08-18,63483.39,INACTIVE
184,21,Michael,Randall,wardkari@example.com,+1-725-750-5439x7847,ANALYST,IT,2018-11-06,51731.99,SUSPENDED
185,37,Jill,Reynolds,kevin41@example.net,3082735344,TELLER,RETAIL,2017-09-17,59751.18,ACTIVE
186,22,Aaron,Gentry,vincentjesse@example.com,8538083790,TELLER,RISK,2022-09-12,73018.05,INACTIVE
187,6,Dylan,Carpenter,robertmartinez@example.org,446.230.0428,MANAGER,RISK,2020-06-28,38283.08,ACTIVE
188,10,Mark,Peterson,gregoryalexander@example.net,7788923308,ADVISOR,RETAIL,2017-08-06,33414.91,SUSPENDED
189,49,Gregory,Rodriguez,jgrant@example.com,(951)848-5103,ADVISOR,COMPLIANCE,2024-10-25,77097.21,ACTIVE
190,37,Christina,Cooper,nelsontara@example.net,+1-552-769-7776x970,MANAGER,IT,2021-12-23,111579.8,ACTIVE
191,4,Aaron,Parker,tony40@example.com,+1-935-344-9229x285,SUPERVISOR,IT,2017-03-04,92843.56,ACTIVE
192,47,Christina,Johnson,charleswest@example.com,839-523-5271x467,MANAGER,RISK,2021-10-17,55507.46,INACTIVE
193,39,Kelsey,Huang,allison06@example.net,001-818-367-9917x0776,SUPERVISOR,RISK,2020-08-13,52132.91,SUSPENDED
194,14,Dustin,Meadows,michaelwalker@example.org,(652)516-0939,ADVISOR,IT,2024-06-21,35219.91,SUSPENDED
195,25,Connie,Conway,nunezdanielle@example.org,+1-700-905-7919x28406,MANAGER,COMPLIANCE,2019-01-13,37992.33,INACTIVE
196,47,Garrett,Dickerson,marylewis@example.org,+1-339-940-3534x8181,ADVISOR,IT,2020-10-21,62503.54,INACTIVE
197,21,Brittany,Thompson,sarah13@example.net,(297)933-7024,TELLER,COMPLIANCE,2022-06-30,92431.81,INACTIVE
198,25,Sarah,Rodriguez,hannahpaul@example.com,(986)250-5632,ADVISOR,RISK,2023-05-02,110086.91,ACTIVE
199,33,Tara,Lee,franklinkenneth@example.net,9314457717,TELLER,IT,2025-10-21,30452.65,ACTIVE
200,29,Alicia,Quinn,crobles@example.com,880-422-0493x4913,ANALYST,OPERATIONS,2018-09-30,76632.52,SUSPENDED
201,21,Gary,Irwin,lclark@example.com,7476093837,ADVISOR,COMPLIANCE,2020-02-04,98623.27,ACTIVE
202,39,Glenn,Patton,millsapril@example.org,+1-540-539-8818,SUPERVISOR,OPERATIONS,2022-09-22,107720.73,ACTIVE
203,6,Donald,Perez,kramerdavid@example.com,001-251-786-8465x054,ANALYST,IT,2021-09-18,64592.35,ACTIVE
204,42,David,Dominguez,vincent82@example.net,542.430.0928x4361,ADVISOR,RISK,2025-04-12,43635.05,SUSPENDED
205,14,William,Smith,lauren44@example.com,833.852.4691x340,TELLER,OPERATIONS,2023-05-29,52372.77,INACTIVE
206,40,Derek,Stevens,ofoster@example.net,9146963220,ADVISOR,IT,2020-05-24,31164.95,SUSPENDED
207,29,Susan,Nichols,cynthiabailey@example.com,622-593-0741x36977,ANALYST,RISK,2016-06-24,75991.9,SUSPENDED
208,9,Ann,Mitchell,ybrown@example.net,(575)810-8212,TELLER,OPERATIONS,2025-09-06,45020.51,SUSPENDED
209,42,Adam,Mccoy,nreed@example.com,(691)342-6422x677,TELLER,RISK,2017-06-02,39817.83,ACTIVE
210,6,Jacob,Pugh,pachecoandrew@example.com,001-258-762-6549x6439,TELLER,RETAIL,2022-03-02,111175.06,INACTIVE
211,8,Tamara,Holland,jeffreyfitzgerald@example.com,+1-289-244-7561x98455,SUPERVISOR,COMPLIANCE,2021-04-06,110058.65,SUSPENDED
212,38,Jessica,Contreras,lvaughan@example.net,9639028562,TELLER,COMPLIANCE,2016-09-19,39354.83,SUSPENDED
213,47,Jerry,Coleman,natalie01@example.org,001-946-428-3885x22464,ADVISOR,IT,2025-07-23,46293.21,SUSPENDED
214,4,Stephanie,Knight,yhart@example.org,545.563.7699,TELLER,OPERATIONS,2024-11-19,38982.53,INACTIVE
215,37,Brian,Dunn,steelepriscilla@example.net,285.770.3014x29833,MANAGER,OPERATIONS,2017-01-07,92624.05,ACTIVE
216,14,Robert,Thomas,tbarber@example.com,(730)676-6587x140,MANAGER,RETAIL,2020-11-19,93145.11,SUSPENDED
217,13,Jamie,Moss,sberger@example.org,636-961-6409x37123,TELLER,RETAIL,2021-05-13,115416.02,INACTIVE
218,20,Douglas,Stevens,turnerchristopher@example.org,371-852-7077x5266,SUPERVISOR,COMPLIANCE,2024-06-21,45000.67,ACTIVE
219,6,Katherine,Elliott,daviskaren@example.org,942-669-7266,ADVISOR,RETAIL,2022-08-29,97131.77,ACTIVE
220,27,Stephanie,Griffith,isaac93@example.com,(490)263-9235x471,TELLER,OPERATIONS,2021-12-13,95532.38,SUSPENDED
221,29,Joseph,Wilson,mpearson@example.com,+1-905-558-6374x85797,MANAGER,RISK,2024-03-28,98402.51,ACTIVE
222,26,Darren,Maddox,henrydiana@example.com,644.216.5851,TELLER,RETAIL,2017-05-16,59985.28,SUSPENDED
223,14,Thomas,Nguyen,cassandramorse@example.com,312-833-9578x84858,SUPERVISOR,RISK,2019-11-30,50275.23,SUSPENDED
224,49,Betty,Shepherd,dixondaniel@example.net,001-663-930-9792x363,TELLER,IT,2025-02-14,94604.14,INACTIVE
225,20,Curtis,Perkins,mgonzalez@example.net,(755)614-4796x6086,SUPERVISOR,IT,2023-05-08,38873.75,SUSPENDED
226,30,Elijah,Washington,jonesandrea@example.net,648-605-2450,ANALYST,IT,2023-08-18,118329.48,SUSPENDED
227,2,Juan,Murray,robert21@example.com,001-293-538-5625x1567,SUPERVISOR,RETAIL,2024-06-27,110155.32,SUSPENDED
228,42,Lisa,Brewer,williamsgeorge@example.net,650.858.3840,ANALYST,OPERATIONS,2018-12-13,63220.91,ACTIVE
229,15,Kathleen,Grant,nnelson@example.net,+1-861-542-0630x080,TELLER,RETAIL,2019-12-22,99675.44,SUSPENDED
230,4,Timothy,Anderson,michael04@example.net,454.756.5664x0545,ANALYST,COMPLIANCE,2016-07-14,84649.82,INACTIVE
231,24,Ryan,Hernandez,cunninghamluis@example.org,(515)203-4161x775,ANALYST,COMPLIANCE,2022-07-16,92974.58,ACTIVE
232,37,Tara,Li,porterchristopher@example.org,614.285.8896,MANAGER,COMPLIANCE,2021-10-25,83183.62,INACTIVE
233,22,Kathleen,Gill,lawrencecristian@example.net,(485)386-0492,SUPERVISOR,IT,2021-12-19,115077.16,INACTIVE
234,3,Zachary,Martinez,weaverhayley@example.com,001-638-437-8308x8169,MANAGER,OPERATIONS,2018-06-09,61370.85,INACTIVE
235,34,Jason,Richmond,ntaylor@example.org,303.340.8917x179,SUPERVISOR,OPERATIONS,2019-06-06,99653.74,ACTIVE
236,11,Timothy,Jones,dmartin@example.net,4564137494,TELLER,COMPLIANCE,2024-03-17,49285.35,ACTIVE
237,8,Sarah,Miller,tuckernicholas@example.org,498-414-9378x306,TELLER,COMPLIANCE,2025-01-05,95807.89,INACTIVE
238,5,Brandy,Johnson,brooke00@example.com,626.401.6156x0433,ANALYST,IT,2020-01-19,41756.52,ACTIVE
239,17,David,Hernandez,emily90@example.net,918-367-5272,ANALYST,RETAIL,2024-12-03,109540.79,SUSPENDED
240,4,Belinda,Suarez,matthewsrodney@example.net,(895)769-2715x77520,SUPERVISOR,RETAIL,2023-03-30,82175.9,INACTIVE
241,9,Ronald,Mckenzie,jack80@example.org,8698182860,SUPERVISOR,IT,2022-02-02,46915.22,INACTIVE
242,38,Kevin,Garcia,lauramayo@example.org,(465)233-6389x7336,TELLER,IT,2019-02-12,49154.5,SUSPENDED
243,9,Kevin,Melton,garzamarissa@example.com,(687)823-5669,SUPERVISOR,RETAIL,2019-10-10,92536.02,INACTIVE
244,43,Amanda,Henry,wolfhoward@example.org,255-901-3526x45857,MANAGER,COMPLIANCE,2018-02-28,118093.64,ACTIVE
245,3,Michele,Lane,colleensmith@example.org,262-543-3951x9967,TELLER,COMPLIANCE,2018-03-22,91578.96,ACTIVE
246,15,Andrew,Weeks,hannah95@example.net,814-904-2813,SUPERVISOR,RETAIL,2023-07-08,90654.29,SUSPENDED
247,9,Mark,Cameron,ahill@example.net,3284270633,ADVISOR,OPERATIONS,2019-01-13,80962.49,ACTIVE
248,47,Christopher,Smith,victor46@example.net,592.643.1962,ADVISOR,OPERATIONS,2021-02-21,61261.25,SUSPENDED
249,20,Terry,Campbell,anthony10@example.com,(262)282-2835x58785,SUPERVISOR,IT,2025-09-09,52624.51,ACTIVE
250,34,Chad,Baker,cindyjohnson@example.org,985.939.2944x18055,TELLER,RETAIL,2017-06-10,76759.35,SUSPENDED
251,6,Robert,Hamilton,manderson@example.com,439.579.8940x945,ANALYST,RISK,2023-11-17,31756.97,INACTIVE
252,6,Felicia,Harper,jamesperry@example.org,892-855-3858x062,MANAGER,OPERATIONS,2018-12-26,115396.33,SUSPENDED
253,40,Lisa,Montgomery,jamescarlson@example.org,001-535-892-6499x8401,MANAGER,COMPLIANCE,2022-07-18,77200.78,ACTIVE
254,5,Jennifer,Thompson,ramirezkevin@example.org,(874)720-4011x235,ANALYST,RISK,2020-09-16,84629.52,SUSPENDED
255,16,Kim,Nelson,iroberts@example.com,558.328.1846x138,SUPERVISOR,RETAIL,2017-04-09,83339.15,ACTIVE
256,45,Ryan,Estes,trobinson@example.com,(620)998-1566x996,TELLER,OPERATIONS,2018-01-12,88102.12,INACTIVE
257,11,Scott,Blackwell,cassandra85@example.net,001-983-858-1645x44188,ANALYST,RETAIL,2025-07-25,61621.99,SUSPENDED
258,37,Justin,Maxwell,uacosta@example.com,3979317738,TELLER,RETAIL,2019-02-19,118849.59,SUSPENDED
259,31,Chris,Rice,thomasferguson@example.org,695-698-4992x569,TELLER,IT,2021-09-14,66401.83,ACTIVE
260,49,Angela,Wilson,ajohnson@example.com,+1-415-740-0633x661,MANAGER,COMPLIANCE,2020-03-22,78093.3,INACTIVE
261,29,Kyle,Gomez,stephanieschmitt@example.com,966.768.4703,MANAGER,IT,2025-03-04,106583.23,SUSPENDED
262,1,Hunter,Brown,diazjeffrey@example.org,441.722.9418,ANALYST,COMPLIANCE,2024-01-15,43273.43,ACTIVE
263,26,Brenda,Payne,gary54@example.net,(930)609-2817x648,ANALYST,IT,2021-04-27,48134.97,ACTIVE
264,5,Rebecca,George,johnsonkarina@example.com,001-691-560-2594x64897,SUPERVISOR,RISK,2020-04-13,104428.66,INACTIVE
265,44,Thomas,Donaldson,jesus63@example.com,388-309-5223,TELLER,IT,2023-07-13,31700.73,SUSPENDED
266,19,James,Johnson,michelle09@example.net,727-563-8388,SUPERVISOR,COMPLIANCE,2025-09-16,108287.9,SUSPENDED
267,35,Antonio,Marks,chandlerlinda@example.com,001-915-833-3806,TELLER,OPERATIONS,2020-04-03,79416.29,ACTIVE
268,39,Robert,Williams,froy@example.com,001-693-493-8208x16553,SUPERVISOR,RISK,2022-05-02,119488.99,INACTIVE
269,3,Christina,Smith,raymonddean@example.org,001-796-674-9188,MANAGER,RISK,2024-05-31,33137.74,ACTIVE
270,29,Joshua,Singh,jonesstephanie@example.com,(255)274-8887,TELLER,IT,2021-03-01,47570.99,INACTIVE
271,4,Kelsey,Snyder,roylinda@example.net,640.454.0752,ADVISOR,RISK,2023-06-25,72434.59,ACTIVE
272,5,Alexander,Nguyen,michael31@example.net,+1-382-329-7128x419,ANALYST,IT,2023-06-02,65920.23,ACTIVE
273,24,Jamie,Green,josephsims@example.com,(851)235-8698x861,ANALYST,IT,2018-09-17,61858.93,SUSPENDED
274,10,Cassandra,Rodriguez,david71@example.net,358.764.0629x2358,ANALYST,COMPLIANCE,2019-12-16,66046.13,INACTIVE
275,24,Matthew,Humphrey,rmccoy@example.com,200.248.0088x217,ANALYST,RISK,2022-07-28,57097.27,ACTIVE
276,44,Shannon,Smith,collinssean@example.net,430-730-9801,ADVISOR,IT,2015-11-06,93735.78,SUSPENDED
277,13,Kenneth,Wells,elizabethrivers@example.org,(946)585-0780x5787,TELLER,RETAIL,2022-08-13,111274.59,ACTIVE
278,32,Stephanie,Elliott,rodriguezjoseph@example.net,823-899-4037x179,TELLER,IT,2021-10-20,54256.33,INACTIVE
279,46,Elizabeth,Garcia,schmidttodd@example.com,(991)247-5340,MANAGER,IT,2023-11-28,72676.9,ACTIVE
280,17,Glenn,Henson,lori49@example.com,001-611-407-6143x33023,TELLER,COMPLIANCE,2016-12-06,37145.66,SUSPENDED
281,1,Ashley,Scott,hsavage@example.com,001-420-564-7841x4251,ANALYST,RETAIL,2018-12-25,80085.38,SUSPENDED
282,32,Thomas,Dennis,kprice@example.com,+1-763-903-5254x26666,SUPERVISOR,IT,2017-03-01,107208.55,INACTIVE
283,44,Tammie,Montoya,crossjames@example.net,+1-767-753-5651x7685,TELLER,IT,2018-10-09,103689.89,ACTIVE
284,33,Edward,Castillo,lfranco@example.org,2739090212,MANAGER,OPERATIONS,2021-03-06,49659.77,INACTIVE
285,26,Julie,Ingram,robert49@example.org,001-320-655-4640x13279,MANAGER,COMPLIANCE,2016-03-21,56856.0,ACTIVE
286,38,Richard,Kelley,emilyjones@example.net,001-200-684-7150x91064,MANAGER,IT,2024-05-21,64570.32,SUSPENDED
287,46,Tina,Wheeler,ggarcia@example.org,001-850-213-3430x7801,MANAGER,COMPLIANCE,2020-10-22,34638.82,ACTIVE
288,16,David,Hernandez,joshuahayden@example.org,(293)209-9839x1003,MANAGER,IT,2023-09-21,108692.74,SUSPENDED
289,45,Brianna,Davis,april03@example.org,442.316.4052,ADVISOR,OPERATIONS,2017-10-02,91250.33,SUSPENDED
290,47,Jason,Christensen,johncameron@example.com,343.668.1683x280,TELLER,COMPLIANCE,2022-09-05,101586.57,INACTIVE
291,26,Michael,Moore,isaiahanderson@example.net,356.384.6993,SUPERVISOR,IT,2018-09-24,110421.82,INACTIVE
292,31,Alexander,Myers,stephaniegordon@example.com,629-621-5870,TELLER,IT,2020-01-30,77088.02,SUSPENDED
293,44,Andrew,Randolph,vlucas@example.org,(960)596-6800,SUPERVISOR,COMPLIANCE,2018-11-17,46552.72,SUSPENDED
294,3,Nicole,Harris,cbanks@example.com,(552)896-7010,TELLER,RETAIL,2021-10-26,92521.5,SUSPENDED
295,18,Alexander,Ortega,randolphalexis@example.org,(209)871-3169,SUPERVISOR,COMPLIANCE,2017-03-03,46704.6,SUSPENDED
296,30,Andrew,Wyatt,williambarker@example.net,744-238-5613x23385,TELLER,COMPLIANCE,2020-01-25,108268.41,INACTIVE
297,28,Dawn,Gould,pottersarah@example.net,(540)323-2007x00901,SUPERVISOR,COMPLIANCE,2020-11-03,90195.81,INACTIVE
298,11,Christian,Smith,mirandarodriguez@example.com,235.455.1168x06299,MANAGER,OPERATIONS,2020-10-02,51062.05,SUSPENDED
299,25,Kenneth,Jackson,morenojohn@example.com,640-666-5499x46151,ADVISOR,OPERATIONS,2024-06-10,46188.19,SUSPENDED
300,25,Cathy,Smith,vreyes@example.com,001-819-410-1688x8381,MANAGER,COMPLIANCE,2017-11-09,30363.23,SUSPENDED
301,11,Lisa,Sellers,ericmiller@example.net,+1-935-791-6417x161,ANALYST,RETAIL,2017-09-07,37078.88,INACTIVE
302,4,Daniel,Brown,john15@example.com,981.389.3552,SUPERVISOR,RETAIL,2020-09-04,43855.36,ACTIVE
303,16,Amanda,Brown,jeffrey18@example.net,382-649-9994,ANALYST,OPERATIONS,2025-10-18,83396.42,ACTIVE
304,9,Jennifer,Gentry,keypeter@example.org,628.721.6069x5733,TELLER,RISK,2022-08-19,108865.66,SUSPENDED
305,16,Michael,Fowler,fernandezdiana@example.net,893.390.3780,TELLER,OPERATIONS,2017-06-04,102967.81,ACTIVE
306,45,Jennifer,Ingram,mpierce@example.org,804-559-0035,ANALYST,COMPLIANCE,2018-03-30,118611.29,INACTIVE
307,24,Timothy,Boyle,barbercrystal@example.org,985-680-0603,ADVISOR,RETAIL,2018-05-16,31172.94,SUSPENDED
308,39,David,Sexton,billyhamilton@example.org,739-389-2399x18834,MANAGER,RISK,2018-10-01,116425.65,ACTIVE
309,18,Nicholas,Marsh,andrea44@example.com,(695)886-6863x7912,MANAGER,RETAIL,2021-11-18,68375.73,SUSPENDED
310,35,Candice,Hayes,baileyluis@example.net,(214)661-1079x248,ADVISOR,COMPLIANCE,2016-03-28,37902.95,SUSPENDED
311,38,Ashley,Mitchell,silvavanessa@example.org,(603)811-0848x178,ADVISOR,OPERATIONS,2025-10-15,67189.13,INACTIVE
312,10,Eric,Anderson,jessicacarr@example.net,+1-994-661-1947x495,ADVISOR,COMPLIANCE,2022-07-10,84840.49,SUSPENDED
313,6,Nancy,Cunningham,ithomas@example.org,001-274-219-7680x47966,ANALYST,IT,2022-12-25,113366.08,ACTIVE
314,22,Jennifer,Dudley,brownandrew@example.net,511-239-6556,ADVISOR,COMPLIANCE,2019-10-08,85903.37,ACTIVE
315,16,Matthew,Gilbert,stravis@example.com,(614)449-4924x86882,SUPERVISOR,IT,2024-03-29,54026.3,INACTIVE
316,48,Anna,Jackson,navarrohaley@example.com,001-806-967-1000,TELLER,RISK,2025-09-16,41028.38,SUSPENDED
317,26,Anne,Ward,pbaxter@example.net,(357)315-7232,TELLER,IT,2017-07-11,39275.41,INACTIVE
318,5,Eugene,Dalton,andreaperez@example.com,362.719.4979,MANAGER,RISK,2019-05-16,39250.21,SUSPENDED
319,20,Carol,Lane,mcgrathlatasha@example.org,(511)902-8479x477,SUPERVISOR,COMPLIANCE,2016-05-30,44293.32,ACTIVE
320,11,Brian,Adams,phillipsalyssa@example.net,(373)593-6068,SUPERVISOR,RISK,2025-04-25,82593.57,INACTIVE
321,24,Erik,Wade,esantiago@example.org,973.831.2676,ANALYST,IT,2024-08-20,117226.24,ACTIVE
322,34,Alexandra,Jordan,roysullivan@example.com,982.838.5610x421,ADVISOR,RISK,2022-12-01,48484.02,SUSPENDED
323,5,Charles,Williams,kevinflores@example.com,(355)310-4128x66236,MANAGER,RETAIL,2024-03-01,91871.89,ACTIVE
324,14,Andrew,Nolan,stevengutierrez@example.org,552.669.0178x9564,MANAGER,OPERATIONS,2017-08-16,107147.17,SUSPENDED
325,4,Javier,Holmes,fmartinez@example.org,+1-651-297-0043x3374,MANAGER,IT,2018-03-16,92696.65,SUSPENDED
326,43,Cassidy,Hawkins,hensleyalexis@example.net,879.975.5078x714,ADVISOR,RISK,2018-09-17,69075.55,SUSPENDED
327,16,Maurice,Evans,joechoi@example.com,279.307.8014x977,ADVISOR,IT,2020-07-05,53866.17,INACTIVE
328,10,Stephen,Roberts,xpearson@example.org,001-781-683-2116x00556,ANALYST,RETAIL,2021-06-16,119315.44,ACTIVE
329,18,Lisa,Richard,david10@example.org,001-497-528-9454x9739,SUPERVISOR,IT,2017-04-13,58700.57,SUSPENDED
330,30,Michelle,George,jody44@example.org,001-983-692-2357x45369,SUPERVISOR,OPERATIONS,2018-05-24,34671.63,ACTIVE
331,37,Breanna,Brown,matthew17@example.org,(301)251-5369,MANAGER,COMPLIANCE,2016-01-13,52238.09,SUSPENDED
332,9,Heather,Smith,woodlinda@example.net,+1-370-908-2808,SUPERVISOR,RISK,2019-07-06,70583.94,ACTIVE
333,49,Heather,Brown,brad00@example.org,001-505-728-7284,ADVISOR,RISK,2020-12-13,44610.26,ACTIVE
334,39,Ronald,Edwards,myerssherry@example.org,(560)263-8260,MANAGER,OPERATIONS,2018-05-11,34519.88,SUSPENDED
335,46,Jared,Hopkins,aaronduran@example.net,934.531.1379x19219,ANALYST,RISK,2019-06-05,37174.5,INACTIVE
336,7,Shannon,Holden,dawn56@example.net,(371)981-7265x4881,TELLER,COMPLIANCE,2016-01-14,43722.76,ACTIVE
337,19,Jennifer,Hernandez,sbailey@example.net,772-826-1654x7102,ANALYST,RETAIL,2017-12-01,74753.08,INACTIVE
338,33,Logan,Burns,robertking@example.net,7614636098,ADVISOR,RISK,2024-06-05,69878.44,SUSPENDED
339,36,Cynthia,Allen,qrobbins@example.com,001-830-783-3994x2500,ADVISOR,RISK,2025-05-29,59719.98,ACTIVE
340,38,Crystal,Hall,ericahaas@example.net,(773)229-8933x05472,ANALYST,IT,2024-05-15,111090.23,INACTIVE
341,16,Andrew,Bush,lance99@example.org,+1-446-917-7462x33436,ANALYST,IT,2020-12-31,86168.63,ACTIVE
342,28,Christian,Martin,mendozaadam@example.com,786.211.3305,TELLER,IT,2024-08-06,114399.87,ACTIVE
343,26,Tara,Greene,davisjacob@example.com,(600)650-4193,ANALYST,OPERATIONS,2023-02-14,34587.1,SUSPENDED
344,10,Jacqueline,Simmons,grace56@example.com,(751)603-0048x347,TELLER,OPERATIONS,2018-03-11,41147.32,SUSPENDED
345,24,Brian,Smith,tyler81@example.org,001-901-279-5130x4565,TELLER,COMPLIANCE,2022-01-19,96013.57,INACTIVE
346,40,Jason,Butler,patrick57@example.net,001-223-232-0419,ANALYST,IT,2019-12-29,35760.35,SUSPENDED
347,47,Preston,Molina,dianamorgan@example.org,982-625-7073,SUPERVISOR,IT,2019-01-18,49336.21,SUSPENDED
348,37,Rita,Vaughn,andersonchristopher@example.org,5804687939,ADVISOR,OPERATIONS,2023-11-05,90509.55,ACTIVE
349,13,Emily,Jackson,xbarnes@example.com,834-888-7909x5085,ADVISOR,OPERATIONS,2025-09-09,49659.08,ACTIVE
350,1,Whitney,Robbins,coleandrea@example.net,380-381-2789x6323,ANALYST,RISK,2025-08-05,67255.74,ACTIVE
351,39,Laura,Jackson,mercermartin@example.com,001-202-256-7154x3489,ANALYST,OPERATIONS,2025-03-25,104230.93,ACTIVE
352,5,Phillip,Simmons,adamwhite@example.net,+1-352-885-6575x448,TELLER,IT,2021-12-07,87291.11,SUSPENDED
353,28,William,Williams,jack17@example.net,7268347857,SUPERVISOR,IT,2017-07-26,36315.44,ACTIVE
354,48,Shane,Lawson,sharon05@example.net,826.492.8400,ANALYST,COMPLIANCE,2018-04-14,51458.25,SUSPENDED
355,17,Jamie,Griffith,rivasangela@example.com,+1-628-619-9710,MANAGER,RISK,2017-06-24,97215.45,ACTIVE
356,2,George,Simmons,chavezcynthia@example.net,757.741.7811,TELLER,OPERATIONS,2022-07-06,109112.74,INACTIVE
357,5,Roy,Ramirez,billymoore@example.com,897.899.6513,MANAGER,RETAIL,2020-01-12,48643.5,INACTIVE
358,27,Austin,Walker,xavier89@example.net,655.301.4715x481,ANALYST,RETAIL,2020-05-05,97063.91,INACTIVE
359,16,James,Wang,rebecca47@example.org,001-696-972-0490x307,SUPERVISOR,COMPLIANCE,2017-12-07,71334.66,INACTIVE
360,43,Matthew,Garcia,rodriguezhannah@example.com,(531)552-4837x559,ADVISOR,COMPLIANCE,2020-02-16,79605.88,SUSPENDED
361,29,Elizabeth,Aguirre,probinson@example.net,(740)385-8523,MANAGER,OPERATIONS,2018-10-09,97297.87,ACTIVE
362,17,Amy,Martinez,llawson@example.net,537.457.3553,ADVISOR,COMPLIANCE,2024-04-16,75020.83,SUSPENDED
363,34,Elizabeth,Shaw,jeffreywilliams@example.org,(424)732-0754x3147,ANALYST,COMPLIANCE,2019-05-01,60284.01,INACTIVE
364,23,Roy,Bean,millerchristopher@example.net,(679)595-8532x95352,MANAGER,RISK,2018-10-24,60707.9,ACTIVE
365,32,Kristen,Jackson,elizabeth92@example.com,+1-315-259-0906x041,ADVISOR,COMPLIANCE,2019-01-24,34923.25,INACTIVE
366,48,Jaclyn,Kim,brownjody@example.net,3873550342,MANAGER,IT,2016-08-22,31444.86,SUSPENDED
367,21,Tammy,Snyder,gina81@example.org,362.538.5985,TELLER,RISK,2017-05-10,118136.62,ACTIVE
368,21,Michael,Grant,ehaynes@example.net,001-591-526-7786x7490,ADVISOR,OPERATIONS,2023-11-22,111611.74,SUSPENDED
369,4,Brian,Bailey,cperez@example.org,001-479-868-0083x25607,MANAGER,RISK,2024-03-10,60988.2,SUSPENDED
370,39,Maria,Hall,wayne36@example.com,761.523.2906x640,MANAGER,COMPLIANCE,2025-04-13,33565.94,ACTIVE
371,38,Michael,Hanna,cochranjames@example.com,387.455.8037,SUPERVISOR,COMPLIANCE,2017-12-06,39797.64,ACTIVE
372,6,Jeffrey,Carlson,andrew32@example.com,(492)305-5717,ADVISOR,IT,2024-10-28,31275.77,SUSPENDED
373,3,Tara,Brooks,jonesjennifer@example.net,613.431.7797x810,SUPERVISOR,OPERATIONS,2024-03-05,114411.94,ACTIVE
374,14,Angela,Burnett,jamie98@example.org,001-659-232-4843,MANAGER,RETAIL,2017-10-19,87933.72,INACTIVE
375,44,Rachel,Blackwell,ocantu@example.com,866.230.7545,SUPERVISOR,COMPLIANCE,2016-07-10,78972.97,INACTIVE
376,11,Lauren,Rivera,ashleylevy@example.net,620-260-6603x79366,ANALYST,COMPLIANCE,2024-01-30,67996.89,ACTIVE
377,9,Christian,Hayes,qhopkins@example.com,6537312454,SUPERVISOR,IT,2016-09-25,111408.12,SUSPENDED
378,22,Lisa,Torres,wilsonrachel@example.net,+1-709-255-2101x1308,ANALYST,RISK,2023-11-24,87870.77,SUSPENDED
379,46,David,Cherry,virginia75@example.com,(585)906-3354x514,SUPERVISOR,RETAIL,2018-12-23,101317.4,INACTIVE
380,44,Michael,Lopez,jason18@example.net,001-563-831-8998x0932,ADVISOR,OPERATIONS,2020-06-27,102252.36,INACTIVE
381,39,James,Conner,christophersilva@example.com,(674)416-7665,MANAGER,COMPLIANCE,2021-07-02,40039.74,INACTIVE
382,22,Thomas,Barnes,jennahorn@example.com,319.667.3870,ADVISOR,COMPLIANCE,2020-01-05,30371.46,ACTIVE
383,2,Jennifer,Howard,wilsongabriel@example.net,001-460-762-8487,ANALYST,RISK,2022-04-09,63423.42,ACTIVE
384,38,Andrew,Mcgee,lhorton@example.net,5869727897,SUPERVISOR,RETAIL,2021-01-21,34750.06,INACTIVE
385,41,Joseph,Elliott,melissa36@example.net,+1-386-890-0719,ANALYST,RISK,2019-12-11,87179.78,INACTIVE
386,30,Wanda,Melton,williamallen@example.org,(331)362-0671x1606,ANALYST,RETAIL,2022-07-06,53376.46,ACTIVE
387,21,Patricia,Soto,ksimpson@example.net,+1-947-570-5924x13182,ADVISOR,COMPLIANCE,2019-06-13,50183.34,INACTIVE
388,6,Ronald,Sandoval,torresheather@example.net,336-427-3893,SUPERVISOR,IT,2017-08-16,58570.03,SUSPENDED
389,3,Michael,Norman,qwilliams@example.com,977-343-2031x3345,ANALYST,RETAIL,2020-11-21,43255.96,INACTIVE
390,36,Samantha,Waters,wrightdenise@example.org,7554370801,TELLER,COMPLIANCE,2017-01-20,40397.09,SUSPENDED
391,31,Samantha,Hall,kimberly45@example.net,001-475-887-1933x417,SUPERVISOR,RETAIL,2016-05-25,67047.58,SUSPENDED
392,36,Stacy,Mcclure,christina18@example.org,001-763-748-5426x67019,ANALYST,RISK,2021-10-15,98573.23,ACTIVE
393,23,Ariana,Rodriguez,klinejerry@example.org,9938498342,MANAGER,OPERATIONS,2025-08-27,35191.25,ACTIVE
394,20,Michael,Wilson,vwhite@example.org,764-387-2936,ADVISOR,RETAIL,2018-02-15,82076.78,SUSPENDED
395,42,Alex,Fernandez,anthonyjordan@example.org,790.967.5692x307,ADVISOR,RISK,2016-05-15,73435.77,SUSPENDED
396,15,Sean,Jackson,jennifer74@example.org,752.470.1607x739,ADVISOR,IT,2025-02-01,71631.51,ACTIVE
397,13,Michael,Fitzpatrick,lisajones@example.net,980.243.1063x585,ANALYST,OPERATIONS,2018-10-31,80635.92,ACTIVE
398,31,Darlene,Mitchell,michaelnelson@example.net,(283)689-6629x85067,SUPERVISOR,RISK,2021-01-31,42468.18,ACTIVE
399,29,Jennifer,Thomas,migueljohnson@example.com,649-576-9922x006,SUPERVISOR,RETAIL,2022-04-14,60704.1,ACTIVE
400,28,Darren,Stephens,nina79@example.net,914-537-6488,MANAGER,IT,2022-05-14,109475.54,ACTIVE
401,29,Danielle,Ramirez,ericbennett@example.com,+1-405-319-8487x819,ADVISOR,RISK,2020-11-30,102719.6,ACTIVE
402,27,Linda,Casey,lisazimmerman@example.org,+1-317-589-2854x9248,SUPERVISOR,COMPLIANCE,2016-02-19,101437.24,SUSPENDED
403,14,Matthew,Thompson,xwallace@example.net,984.758.3925x1107,SUPERVISOR,OPERATIONS,2016-08-16,76774.35,INACTIVE
404,4,Tina,Lewis,wallbenjamin@example.com,701-539-3241x67014,ADVISOR,RISK,2024-02-14,116577.24,SUSPENDED
405,47,Anthony,Miller,teresa07@example.net,920-210-6280,ADVISOR,RISK,2018-05-12,40270.53,SUSPENDED
406,42,Daniel,Avila,jenniferwilkerson@example.org,9557476071,SUPERVISOR,IT,2017-09-14,117383.73,SUSPENDED
407,15,Glenn,Pacheco,sabrinaparks@example.org,4606221127,SUPERVISOR,RISK,2020-08-15,78824.84,INACTIVE
408,42,Joshua,Davis,kellyhunter@example.com,266-661-0460x69079,TELLER,COMPLIANCE,2018-02-26,69865.2,INACTIVE
409,22,Taylor,Hernandez,williammckinney@example.org,+1-428-646-4213x416,SUPERVISOR,RISK,2024-11-21,93591.34,ACTIVE
410,23,Michelle,Mathews,mistycollier@example.com,(611)286-0755x601,MANAGER,RISK,2022-03-27,78177.01,INACTIVE
411,49,Tyler,Baldwin,timothy95@example.net,001-648-856-3011x81785,MANAGER,RETAIL,2023-01-15,106555.79,ACTIVE
412,32,Bridget,Morris,danielmay@example.com,866-231-3127x49801,MANAGER,COMPLIANCE,2023-08-19,39244.69,ACTIVE
413,37,James,Middleton,pittmansherry@example.com,3558359796,ADVISOR,RETAIL,2015-12-19,35564.26,ACTIVE
414,16,Cynthia,Delacruz,taylorsolomon@example.org,722.846.6082x18611,SUPERVISOR,RISK,2021-07-08,52823.67,INACTIVE
415,40,Richard,Norton,rebeccayoder@example.org,998.654.7558x135,SUPERVISOR,RETAIL,2020-07-30,100652.94,INACTIVE
416,19,Lauren,Harris,danielschultz@example.org,5704454053,TELLER,RISK,2025-06-22,100742.84,SUSPENDED
417,48,Melissa,Neal,ricedillon@example.org,680-487-6010x77549,SUPERVISOR,IT,2024-09-10,82754.98,INACTIVE
418,35,Patricia,Medina,tjohnson@example.com,+1-211-356-0413x0238,ADVISOR,COMPLIANCE,2024-12-16,52815.5,ACTIVE
419,14,Steven,Sanchez,alyssa06@example.net,682-417-2257x71124,ANALYST,IT,2017-01-28,48569.97,ACTIVE
420,28,Elizabeth,Johnson,rodriguezrobert@example.com,308-395-1723x3810,ADVISOR,COMPLIANCE,2018-02-06,45519.22,SUSPENDED
421,33,Jennifer,Frey,meghanryan@example.com,+1-378-998-8981x181,TELLER,RISK,2023-11-01,69902.61,ACTIVE
422,48,Danielle,Edwards,rodriguezgeorge@example.com,001-614-526-4769x19896,TELLER,RETAIL,2021-10-29,65861.46,INACTIVE
423,13,Natalie,Lowery,gonzalestimothy@example.net,001-761-240-2136,TELLER,IT,2023-07-25,108037.91,ACTIVE
424,31,Donald,Holloway,jessicaquinn@example.net,2459877167,MANAGER,COMPLIANCE,2020-03-12,64838.69,SUSPENDED
425,16,Dawn,Figueroa,tyler32@example.com,334.710.6091x302,SUPERVISOR,RETAIL,2019-09-09,40873.08,INACTIVE
426,37,Dawn,Daniel,boyledavid@example.com,250-391-2219,ANALYST,COMPLIANCE,2018-08-03,81864.62,SUSPENDED
427,43,Sarah,Ochoa,youngsamantha@example.com,674.760.9641,MANAGER,OPERATIONS,2023-09-08,63811.39,ACTIVE
428,14,Richard,Elliott,marknelson@example.net,+1-839-593-8981,ANALYST,OPERATIONS,2019-04-30,79613.07,SUSPENDED
429,22,Luke,Kirby,lbrown@example.net,775.280.8068x14850,ADVISOR,RISK,2024-04-04,70711.64,SUSPENDED
430,34,Scott,Caldwell,randolphsandra@example.org,(824)611-4387x7074,ANALYST,COMPLIANCE,2019-09-02,40169.83,SUSPENDED
431,12,Jennifer,Scott,guzmanlarry@example.org,(939)263-8811x885,TELLER,OPERATIONS,2025-05-09,87637.44,SUSPENDED
432,2,Rebecca,Moore,jamesfisher@example.com,(244)964-6877x78669,ADVISOR,COMPLIANCE,2020-12-21,70716.39,ACTIVE
433,14,Elizabeth,Cox,amy00@example.org,001-862-834-7630,TELLER,RISK,2025-08-08,71305.95,SUSPENDED
434,8,Michael,Watts,lauren53@example.org,706.459.1327,SUPERVISOR,RETAIL,2020-08-30,82701.63,ACTIVE
435,15,Troy,Ellis,danny06@example.com,466.614.8440x83880,MANAGER,RISK,2019-11-20,40599.61,ACTIVE
436,2,Christopher,Henry,calebmccall@example.net,937.251.9279x91098,ANALYST,RETAIL,2021-08-26,91153.52,SUSPENDED
437,4,Kathy,Miles,urosario@example.org,448.943.2610x135,ANALYST,COMPLIANCE,2021-10-15,57698.2,INACTIVE
438,9,Kristen,Stevens,william24@example.com,3586369189,MANAGER,RETAIL,2025-02-07,47152.85,SUSPENDED
439,24,Darren,Harris,cordovajodi@example.com,6362702824,ADVISOR,OPERATIONS,2025-03-22,56100.66,ACTIVE
440,29,Ashley,Lewis,joshuagiles@example.net,(618)806-1599x184,SUPERVISOR,OPERATIONS,2019-05-12,101991.02,INACTIVE
441,30,Angela,Garcia,watkinsrebecca@example.net,910.676.2574x579,ADVISOR,OPERATIONS,2017-08-05,88198.44,INACTIVE
442,44,Kerri,Lowery,davidmcintyre@example.org,(647)885-7743x52287,MANAGER,RISK,2022-08-17,34150.96,INACTIVE
443,48,Dennis,Marshall,dwong@example.net,001-669-914-8829,TELLER,RETAIL,2023-01-03,42992.82,ACTIVE
444,20,Susan,Smith,phillipbarrett@example.org,(810)256-7341x17606,MANAGER,OPERATIONS,2021-07-16,36408.02,SUSPENDED
445,24,Patricia,Davis,jessicagood@example.org,(570)406-3087x9488,MANAGER,COMPLIANCE,2023-07-16,43978.74,SUSPENDED
446,50,Richard,Griffin,roachdavid@example.com,878.242.8917,SUPERVISOR,RISK,2022-11-03,43125.48,SUSPENDED
447,27,Brooke,Atkinson,christina78@example.com,+1-288-576-0367x518,TELLER,RISK,2021-06-23,54936.8,SUSPENDED
448,48,Virginia,Horton,rreed@example.net,001-363-885-2476x0943,SUPERVISOR,RISK,2025-07-28,101015.22,INACTIVE
449,11,Cindy,Shaw,jessicaphillips@example.net,001-308-602-8021,SUPERVISOR,RETAIL,2024-12-02,111182.15,ACTIVE
450,48,Thomas,Evans,christopherstephenson@example.com,477-841-4167,ADVISOR,IT,2023-11-05,46930.44,INACTIVE
451,2,Amanda,Marquez,amorales@example.com,417.909.4694,ADVISOR,COMPLIANCE,2021-06-08,32007.12,INACTIVE
452,25,Douglas,Simpson,kristen90@example.org,001-419-424-6055x0230,MANAGER,RETAIL,2025-03-17,86985.74,SUSPENDED
453,15,Mark,Ramos,alexanderarmstrong@example.com,(874)813-4803x9950,ANALYST,RISK,2016-06-03,71708.39,SUSPENDED
454,37,Michelle,Bennett,rebekahrichardson@example.com,(253)548-6843x6733,TELLER,IT,2023-01-07,86347.34,ACTIVE
455,47,Richard,Villegas,troymartinez@example.net,695.328.1231,ADVISOR,COMPLIANCE,2021-08-20,39655.97,SUSPENDED
456,23,Kimberly,Mcgrath,plynch@example.net,899.938.0909x917,ADVISOR,IT,2019-04-28,74577.98,ACTIVE
457,15,Tina,Webster,racheldalton@example.com,+1-222-782-1049x09566,SUPERVISOR,IT,2025-05-18,106247.98,ACTIVE
458,18,Craig,Willis,justinking@example.com,+1-631-987-2455x7837,TELLER,COMPLIANCE,2021-12-18,111015.44,ACTIVE
459,22,Kenneth,Bowen,ryanthompson@example.com,4814649330,MANAGER,IT,2023-03-22,105434.83,SUSPENDED
460,10,Ronald,Davis,michaelmartinez@example.com,992-538-7623x22029,TELLER,OPERATIONS,2021-01-13,114972.94,INACTIVE
461,23,Jennifer,Nelson,jessicagarcia@example.com,234-654-0689,ADVISOR,IT,2022-01-10,113638.01,SUSPENDED
462,6,Jason,Stevens,xsweeney@example.org,963.256.1206,SUPERVISOR,IT,2019-10-04,55896.53,ACTIVE
463,12,Megan,Stafford,smithjoe@example.com,767-600-6359x993,MANAGER,COMPLIANCE,2024-04-23,69761.91,INACTIVE
464,44,Kelly,Hoover,michaelfuller@example.org,611.462.8332x95231,TELLER,IT,2017-09-16,109636.6,SUSPENDED
465,33,Anthony,Riley,xbrown@example.org,4743391243,MANAGER,IT,2023-11-12,113503.1,ACTIVE
466,48,Samantha,Garcia,tatejacqueline@example.com,+1-560-809-3718x96754,TELLER,IT,2025-03-16,80021.66,ACTIVE
467,15,Donna,Barton,fsullivan@example.net,431.423.1784x71698,TELLER,IT,2022-02-19,48840.17,ACTIVE
468,28,Michael,Anderson,melinda05@example.org,665-368-5853,ADVISOR,COMPLIANCE,2018-12-22,65502.71,INACTIVE
469,34,Lauren,Kennedy,yujoseph@example.com,245-303-8008,ADVISOR,COMPLIANCE,2020-07-17,93121.99,INACTIVE
470,25,Heather,Owens,timothymason@example.org,212-723-5373,SUPERVISOR,COMPLIANCE,2024-10-07,88329.01,INACTIVE
471,5,Scott,Martin,robin60@example.com,001-883-292-9823x3515,MANAGER,IT,2021-05-05,100208.28,ACTIVE
472,34,Andrea,Atkinson,stephen51@example.net,222.372.3810,TELLER,RISK,2017-09-26,93380.14,ACTIVE
473,3,Nicole,Smith,susan21@example.org,447-410-3838,ADVISOR,COMPLIANCE,2021-03-28,102379.09,ACTIVE
474,17,Steven,Williams,michelealvarado@example.com,531-682-7284x323,TELLER,IT,2018-02-03,117188.06,SUSPENDED
475,31,Randy,Thompson,kimberly26@example.net,(727)209-2818x547,SUPERVISOR,RISK,2018-09-05,106615.88,INACTIVE
476,40,Courtney,Pham,orobles@example.com,(304)989-8923x7567,MANAGER,OPERATIONS,2019-12-20,115483.01,SUSPENDED
477,5,Jason,Martinez,pdixon@example.com,780.996.8326x31024,MANAGER,COMPLIANCE,2020-01-08,64243.72,ACTIVE
478,39,Madison,Lawson,farnold@example.org,584.321.6807x4084,SUPERVISOR,IT,2017-09-15,55339.37,INACTIVE
479,1,Melinda,Drake,david45@example.org,847-845-2981x2212,SUPERVISOR,OPERATIONS,2022-12-16,88090.47,ACTIVE
480,34,Rachel,Lopez,woodsjenny@example.com,+1-465-753-5586x20137,TELLER,OPERATIONS,2016-07-05,99651.98,INACTIVE
481,37,Christian,Jacobs,leeandrea@example.com,8753287842,SUPERVISOR,COMPLIANCE,2016-02-11,110316.86,INACTIVE
482,4,Miguel,Watson,jamesheather@example.com,001-782-484-7675,ADVISOR,OPERATIONS,2020-06-12,63831.18,INACTIVE
483,2,Sandra,Thompson,sara91@example.net,327-910-0049x65527,TELLER,COMPLIANCE,2019-04-03,114507.34,ACTIVE
484,34,Stephen,Bradley,stephanieking@example.com,478-580-8088x485,SUPERVISOR,RETAIL,2019-05-18,53186.69,SUSPENDED
485,34,Rick,Thomas,jose93@example.net,(388)550-1583x1141,ADVISOR,RETAIL,2022-12-31,84420.89,ACTIVE
486,15,Heather,White,ogarcia@example.net,(706)227-0702x468,TELLER,COMPLIANCE,2016-05-03,61067.71,SUSPENDED
487,3,Ashley,Pierce,rebecca37@example.net,8348374884,ANALYST,IT,2016-02-04,64363.45,SUSPENDED
488,26,Katherine,Andrade,aliciahoover@example.net,001-696-729-5708x646,ANALYST,IT,2016-01-18,88995.22,SUSPENDED
489,14,Adam,Padilla,jennifer49@example.com,459.344.5992x1799,MANAGER,OPERATIONS,2025-09-14,75127.04,ACTIVE
490,36,Craig,Mcdonald,ewright@example.org,+1-231-381-0013,TELLER,RISK,2015-11-14,78639.79,INACTIVE
491,11,Ryan,Khan,brownkimberly@example.com,+1-887-736-2596x84125,SUPERVISOR,COMPLIANCE,2023-05-23,72974.71,ACTIVE
492,30,Larry,Owens,wdavis@example.org,+1-571-882-9393x51924,TELLER,RETAIL,2018-02-23,51055.76,ACTIVE
493,23,Blake,Tucker,kimberlymoyer@example.com,415-652-6105x62554,ANALYST,IT,2018-11-19,117472.68,SUSPENDED
494,37,David,Walker,inunez@example.net,(624)457-0976x6987,TELLER,COMPLIANCE,2016-03-20,73480.15,SUSPENDED
495,4,Brian,Jones,sarahbuchanan@example.net,001-910-759-6944x76423,ANALYST,RISK,2021-10-01,54386.67,INACTIVE
496,45,Tina,Gonzalez,gregoryellis@example.com,293-843-5168,MANAGER,IT,2020-04-29,51708.67,INACTIVE
497,32,Scott,Johnson,okeller@example.net,748.287.7777,ADVISOR,OPERATIONS,2015-12-18,110631.5,INACTIVE
498,30,Adam,Morales,ibarramelanie@example.com,001-952-641-7803,TELLER,COMPLIANCE,2022-12-14,72734.43,ACTIVE
499,17,Lindsey,Miller,riveradavid@example.org,574-704-3190x0150,TELLER,OPERATIONS,2017-03-14,101069.43,INACTIVE
500,10,Marcus,Bishop,sonyawhitaker@example.net,(969)469-9430x72120,MANAGER,IT,2019-10-04,104673.07,SUSPENDED
